drop table if exists t1, t2;
create temporary table initial
select variable_name,variable_value from
information_schema.global_status where variable_name like "Maria_pagecache_read%";
create table t1 (
a int not null auto_increment,
b char(16) not null,
primary key (a),
key (b)
) engine=maria row_format=dynamic;
create table t2(
a int not null auto_increment,
b char(16) not null,
primary key (a),
key (b)
) engine=maria row_format=dynamic;
insert into t1(b) values 
('test0'),
('test1'),
('test2'),
('test3'),
('test4'),
('test5'),
('test6'),
('test7');
insert into t2(b) select b from t1;
insert into t1(b) select b from t2;
insert into t2(b) select b from t1;
insert into t1(b) select b from t2;
insert into t2(b) select b from t1;
insert into t1(b) select b from t2;
insert into t2(b) select b from t1;
insert into t1(b) select b from t2;
insert into t2(b) select b from t1;
insert into t1(b) select b from t2;
insert into t2(b) select b from t1;
insert into t1(b) select b from t2;
insert into t2(b) select b from t1;
insert into t1(b) select b from t2;
insert into t2(b) select b from t1;
insert into t1(b) select b from t2;
insert into t2(b) select b from t1;
insert into t1(b) select b from t2;
select count(*) from t1;
count(*)
33448
select count(*) from t2;
count(*)
20672
flush tables;
flush status;
select g.variable_name,g.variable_value-i.variable_value from information_schema.global_status as g,initial as i where g.variable_name like "Maria_pagecache_read%" and g.variable_name=i.variable_name order by g.variable_name desc;
variable_name	g.variable_value-i.variable_value
MARIA_PAGECACHE_READ_REQUESTS	211644
MARIA_PAGECACHE_READS	3
select count(*) from t1 where b = 'test1';
count(*)
4181
select g.variable_name,g.variable_value-i.variable_value from information_schema.global_status as g,initial as i where g.variable_name like "Maria_pagecache_read%" and g.variable_name=i.variable_name order by g.variable_name desc;
variable_name	g.variable_value-i.variable_value
MARIA_PAGECACHE_READ_REQUESTS	211926
MARIA_PAGECACHE_READS	11
select count(*) from t1 where b = 'test1';
count(*)
4181
select g.variable_name,g.variable_value-i.variable_value from information_schema.global_status as g,initial as i where g.variable_name like "Maria_pagecache_read%" and g.variable_name=i.variable_name order by g.variable_name desc;
variable_name	g.variable_value-i.variable_value
MARIA_PAGECACHE_READ_REQUESTS	212208
MARIA_PAGECACHE_READS	12
flush tables;
flush status;
select @@preload_buffer_size;
@@preload_buffer_size
32768
load index into cache t1;
Table	Op	Msg_type	Msg_text
test.t1	preload_keys	status	OK
select g.variable_name,g.variable_value-i.variable_value from information_schema.global_status as g,initial as i where g.variable_name like "Maria_pagecache_read%" and g.variable_name=i.variable_name order by g.variable_name desc;
variable_name	g.variable_value-i.variable_value
MARIA_PAGECACHE_READ_REQUESTS	212535
MARIA_PAGECACHE_READS	84
select count(*) from t1 where b = 'test1';
count(*)
4181
select g.variable_name,g.variable_value-i.variable_value from information_schema.global_status as g,initial as i where g.variable_name like "Maria_pagecache_read%" and g.variable_name=i.variable_name order by g.variable_name desc;
variable_name	g.variable_value-i.variable_value
MARIA_PAGECACHE_READ_REQUESTS	212817
MARIA_PAGECACHE_READS	85
flush tables;
flush status;
select g.variable_name,g.variable_value-i.variable_value from information_schema.global_status as g,initial as i where g.variable_name like "Maria_pagecache_read%" and g.variable_name=i.variable_name order by g.variable_name desc;
variable_name	g.variable_value-i.variable_value
MARIA_PAGECACHE_READ_REQUESTS	213073
MARIA_PAGECACHE_READS	86
set session preload_buffer_size=256*1024;
select @@preload_buffer_size;
@@preload_buffer_size
262144
load index into cache t1 ignore leaves;
Table	Op	Msg_type	Msg_text
test.t1	preload_keys	status	OK
select g.variable_name,g.variable_value-i.variable_value from information_schema.global_status as g,initial as i where g.variable_name like "Maria_pagecache_read%" and g.variable_name=i.variable_name order by g.variable_name desc;
variable_name	g.variable_value-i.variable_value
MARIA_PAGECACHE_READ_REQUESTS	213400
MARIA_PAGECACHE_READS	158
select count(*) from t1 where b = 'test1';
count(*)
4181
select g.variable_name,g.variable_value-i.variable_value from information_schema.global_status as g,initial as i where g.variable_name like "Maria_pagecache_read%" and g.variable_name=i.variable_name order by g.variable_name desc;
variable_name	g.variable_value-i.variable_value
MARIA_PAGECACHE_READ_REQUESTS	213682
MARIA_PAGECACHE_READS	165
flush tables;
flush status;
select g.variable_name,g.variable_value-i.variable_value from information_schema.global_status as g,initial as i where g.variable_name like "Maria_pagecache_read%" and g.variable_name=i.variable_name order by g.variable_name desc;
variable_name	g.variable_value-i.variable_value
MARIA_PAGECACHE_READ_REQUESTS	213938
MARIA_PAGECACHE_READS	166
set session preload_buffer_size=1*1024;
select @@preload_buffer_size;
@@preload_buffer_size
1024
load index into cache t1, t2 key (primary,b) ignore leaves;
Table	Op	Msg_type	Msg_text
test.t1	preload_keys	status	OK
test.t2	preload_keys	status	OK
select g.variable_name,g.variable_value-i.variable_value from information_schema.global_status as g,initial as i where g.variable_name like "Maria_pagecache_read%" and g.variable_name=i.variable_name order by g.variable_name desc;
variable_name	g.variable_value-i.variable_value
MARIA_PAGECACHE_READ_REQUESTS	214308
MARIA_PAGECACHE_READS	281
select count(*) from t1 where b = 'test1';
count(*)
4181
select count(*) from t2 where b = 'test1';
count(*)
2584
select g.variable_name,g.variable_value-i.variable_value from information_schema.global_status as g,initial as i where g.variable_name like "Maria_pagecache_read%" and g.variable_name=i.variable_name order by g.variable_name desc;
variable_name	g.variable_value-i.variable_value
MARIA_PAGECACHE_READ_REQUESTS	214604
MARIA_PAGECACHE_READS	285
flush tables;
flush status;
select g.variable_name,g.variable_value-i.variable_value from information_schema.global_status as g,initial as i where g.variable_name like "Maria_pagecache_read%" and g.variable_name=i.variable_name order by g.variable_name desc;
variable_name	g.variable_value-i.variable_value
MARIA_PAGECACHE_READ_REQUESTS	214860
MARIA_PAGECACHE_READS	286
load index into cache t3, t2 key (primary,b) ;
Table	Op	Msg_type	Msg_text
test.t3	preload_keys	Error	Table 'test.t3' doesn't exist
test.t3	preload_keys	error	Corrupt
test.t2	preload_keys	status	OK
select g.variable_name,g.variable_value-i.variable_value from information_schema.global_status as g,initial as i where g.variable_name like "Maria_pagecache_read%" and g.variable_name=i.variable_name order by g.variable_name desc;
variable_name	g.variable_value-i.variable_value
MARIA_PAGECACHE_READ_REQUESTS	215159
MARIA_PAGECACHE_READS	330
flush tables;
flush status;
select g.variable_name,g.variable_value-i.variable_value from information_schema.global_status as g,initial as i where g.variable_name like "Maria_pagecache_read%" and g.variable_name=i.variable_name order by g.variable_name desc;
variable_name	g.variable_value-i.variable_value
MARIA_PAGECACHE_READ_REQUESTS	215415
MARIA_PAGECACHE_READS	331
load index into cache t3 key (b), t2 key (c) ;
Table	Op	Msg_type	Msg_text
test.t3	preload_keys	Error	Table 'test.t3' doesn't exist
test.t3	preload_keys	error	Corrupt
test.t2	preload_keys	Error	Key 'c' doesn't exist in table 't2'
test.t2	preload_keys	status	Operation failed
select g.variable_name,g.variable_value-i.variable_value from information_schema.global_status as g,initial as i where g.variable_name like "Maria_pagecache_read%" and g.variable_name=i.variable_name order by g.variable_name desc;
variable_name	g.variable_value-i.variable_value
MARIA_PAGECACHE_READ_REQUESTS	215671
MARIA_PAGECACHE_READS	332
drop table t1, t2;
drop temporary table initial;
show status like "key_read%";
Variable_name	Value
Key_read_requests	0
Key_reads	0
